country,1960,1961,1962,1963,1964,1965,1966,1967,1968,1969,1970,1971,1972,1973,1974,1975,1976,1977,1978,1979,1980,1981,1982,1983,1984,1985,1986,1987,1988,1989,1990,1991,1992,1993,1994,1995,1996,1997,1998,1999,2000,2001,2002,2003,2004,2005,2006,2007,2008,2009,2010,2011,2012,2013,2014,2015,2016,2017,2018
Afghanistan,,,,,,,,,,,2940000,,,3340000,3580000,4200000,5390000,6130000,,,,,,,,,,,,,,,,,,,,,,,,,,,125000000,123000000,131000000,220000000,241000000,252000000,298000000,326000000,239000000,217000000,268000000,200000000,186000000,191000000,198000000
Albania,,,,,,,,,,,,,,,,,,,,,,,,,,,,,,,,,31600000,39300000,49600000,50900000,45700000,29800000,33600000,42800000,45400000,53200000,58600000,76100000,101000000,110000000,141000000,195000000,256000000,183000000,186000000,197000000,183000000,180000000,178000000,132000000,131000000,144000000,180000000
Algeria,,,,66400000,99900000,106000000,105000000,99200000,99200000,99200000,98800000,99900000,110000000,137000000,260000000,332000000,481000000,472000000,628000000,712000000,890000000,807000000,932000000,952000000,929000000,953000000,1130000000,1200000000,1030000000,854000000,904000000,565000000,1050000000,1280000000,1330000000,1230000000,1450000000,1750000000,1910000000,1830000000,1880000000,2090000000,2100000000,2210000000,2800000000,2920000000,3090000000,3950000000,5170000000,5280000000,5670000000,8650000000,9330000000,10200000000,9720000000,10400000000,10200000000,10100000000,9580000000
Angola,,,,,,,,,,,,,,,,,,,343000000,505000000,497000000,619000000,668000000,779000000,1070000000,1150000000,1160000000,1490000000,1470000000,1950000000,1750000000,1030000000,794000000,1770000000,595000000,234000000,160000000,457000000,170000000,1070000000,584000000,404000000,439000000,670000000,818000000,1370000000,1970000000,2030000000,3160000000,3310000000,3500000000,3640000000,4140000000,6090000000,6840000000,3610000000,2760000000,3060000000,1980000000
Argentina,,,305000000,242000000,246000000,252000000,279000000,252000000,337000000,443000000,446000000,520000000,766000000,1290000000,1630000000,798000000,2050000000,2060000000,3100000000,5060000000,6480000000,5880000000,2280000000,2850000000,2530000000,2030000000,2450000000,2490000000,2700000000,1440000000,2050000000,2860000000,3250000000,3370000000,3750000000,3800000000,3380000000,3340000000,3400000000,3460000000,3270000000,3180000000,1110000000,1370000000,1470000000,1700000000,1850000000,2300000000,2790000000,2980000000,3480000000,4050000000,4560000000,5140000000,4980000000,5480000000,4510000000,5460000000,4140000000
Armenia,,,,,,,,,,,,,,,,,,,,,,,,,,,,,,,,,,9830000,,52200000,52400000,64100000,66800000,68200000,68100000,66200000,64100000,76600000,98100000,141000000,188000000,280000000,396000000,359000000,395000000,391000000,381000000,445000000,458000000,447000000,431000000,444000000,609000000
Australia,460000000,471000000,489000000,553000000,656000000,787000000,987000000,1200000000,1320000000,1310000000,1280000000,1330000000,1480000000,1860000000,2130000000,2270000000,2440000000,2500000000,2820000000,3100000000,3660000000,4320000000,4460000000,4510000000,4930000000,4390000000,4610000000,5060000000,5840000000,6300000000,6700000000,7020000000,6880000000,6730000000,7460000000,7670000000,8200000000,7940000000,7110000000,7770000000,7270000000,7040000000,7950000000,9930000000,12000000000,13200000000,14200000000,17200000000,18600000000,19000000000,23200000000,26600000000,26200000000,24800000000,25800000000,24000000000,26400000000,27700000000,26700000000
Austria,91600000,91000000,100000000,126000000,165000000,143000000,168000000,177000000,182000000,193000000,200000000,209000000,249000000,329000000,423000000,547000000,581000000,687000000,877000000,1050000000,1150000000,969000000,995000000,992000000,950000000,1040000000,1480000000,1740000000,1710000000,1620000000,1970000000,1990000000,2140000000,2120000000,2230000000,2560000000,2460000000,2160000000,2160000000,2120000000,1930000000,1790000000,1880000000,2380000000,2680000000,2690000000,2640000000,3500000000,3750000000,3330000000,3220000000,3410000000,3190000000,3230000000,3310000000,2670000000,2890000000,3140000000,3370000000
Azerbaijan,,,,,,,,,,,,,,,,,,,,,,,,,,,,,,,,,11100000,77500000,43900000,66200000,71600000,92100000,107000000,120000000,120000000,132000000,140000000,177000000,228000000,305000000,717000000,947000000,1610000000,1470000000,1480000000,3080000000,3250000000,3370000000,3430000000,2940000000,1400000000,1530000000,1710000000
Bahrain,,,,,,,,,,,,11600000,12500000,16800000,26300000,16400000,26300000,40400000,116000000,157000000,175000000,239000000,311000000,184000000,165000000,168000000,178000000,178000000,207000000,218000000,239000000,263000000,279000000,279000000,285000000,303000000,322000000,322000000,330000000,364000000,359000000,372000000,444000000,516000000,532000000,513000000,574000000,643000000,720000000,828000000,843000000,1030000000,1180000000,1350000000,1480000000,1440000000,1510000000,1530000000,1400000000
Bangladesh,,,,,,,,,,,,,,48600000,72300000,80800000,105000000,129000000,135000000,136000000,167000000,174000000,185000000,232000000,244000000,225000000,249000000,288000000,332000000,379000000,373000000,382000000,428000000,471000000,547000000,620000000,639000000,682000000,702000000,737000000,741000000,705000000,682000000,719000000,771000000,774000000,830000000,953000000,1030000000,1260000000,1620000000,1800000000,1820000000,2050000000,2360000000,2820000000,3240000000,3590000000,3890000000
Belarus,,,,,,,,,,,,,,,,,,,,,,,,,,,,,,,,,,,,179000000,183000000,249000000,228000000,166000000,140000000,178000000,204000000,232000000,314000000,453000000,632000000,747000000,883000000,675000000,768000000,756000000,817000000,971000000,1010000000,724000000,597000000,631000000,715000000
Belgium,383000000,391000000,422000000,445000000,497000000,501000000,563000000,608000000,646000000,675000000,748000000,829000000,1030000000,1300000000,1480000000,1930000000,2110000000,2500000000,3170000000,3630000000,3960000000,3390000000,2890000000,2670000000,2410000000,2430000000,3400000000,4160000000,4100000000,3880000000,4640000000,4620000000,4130000000,3750000000,3940000000,4450000000,4240000000,3680000000,3660000000,3600000000,3190000000,3040000000,3150000000,3880000000,4260000000,4230000000,4310000000,5160000000,6300000000,5620000000,5240000000,5500000000,5170000000,5260000000,5190000000,4200000000,4310000000,4480000000,4960000000
Belize,,,,,,,,,,,,,,,,,,,,,,2080000,2580000,2900000,3260000,3260000,,,,4360000,4770000,4730000,5290000,6130000,7900000,8050000,7970000,9400000,,,7120000,7450000,7830000,8550000,9490000,10700000,12300000,13800000,18700000,17300000,15300000,15400000,15200000,17800000,19900000,19700000,21700000,23500000,23100000
Benin,1300000,2170000,2730000,2960000,3800000,3990000,3720000,3910000,4290000,4020000,4100000,4290000,4900000,6700000,6450000,7860000,7160000,10100000,8550000,17600000,23600000,17200000,16600000,17800000,21200000,19800000,26300000,35600000,36900000,28500000,32800000,,,,,,,,,17800000,14500000,13100000,26000000,34500000,41800000,44700000,46800000,,64700000,,,,78200000,86000000,93000000,90900000,79600000,116000000,90200000
Bolivia,,4940000,5200000,6400000,,,,,11600000,12300000,16800000,15900000,20700000,21100000,39800000,58300000,66800000,73300000,97700000,120000000,159000000,239000000,124000000,90000000,145000000,131000000,92900000,103000000,92900000,102000000,137000000,144000000,141000000,110000000,135000000,141000000,147000000,180000000,229000000,177000000,173000000,184000000,160000000,173000000,169000000,169000000,180000000,221000000,327000000,346000000,327000000,404000000,500000000,564000000,626000000,576000000,552000000,574000000,619000000
Bosnia and Herzegovina,,,,,,,,,,,,,,,,,,,,,,,,,,,,,,,,,,,,,,,,,,,241000000,202000000,200000000,173000000,178000000,195000000,233000000,242000000,220000000,212000000,197000000,198000000,190000000,162000000,158000000,165000000,221000000
Botswana,,,,,,,,,,,,,,,,,,5650000,14300000,24400000,31800000,31200000,23600000,24500000,26100000,21000000,34300000,73800000,93700000,103000000,156000000,172000000,178000000,186000000,170000000,166000000,141000000,161000000,181000000,170000000,185000000,210000000,224000000,301000000,314000000,284000000,273000000,306000000,332000000,330000000,349000000,363000000,327000000,306000000,346000000,384000000,514000000,522000000,529000000
Brazil,383000000,342000000,387000000,442000000,354000000,633000000,718000000,746000000,755000000,817000000,1030000000,1080000000,1200000000,1510000000,1790000000,2140000000,2580000000,2500000000,2690000000,2830000000,2260000000,2520000000,3030000000,2080000000,2010000000,2690000000,2760000000,4320000000,5870000000,8760000000,9240000000,6690000000,4990000000,7100000000,10600000000,14300000000,14100000000,13900000000,14400000000,9870000000,11300000000,10900000000,9660000000,8390000000,9780000000,13600000000,16400000000,20500000000,24500000000,25600000000,34000000000,36900000000,34000000000,32900000000,32700000000,24600000000,24200000000,29300000000,27800000000
Brunei,,,,,,,,,,,,,,,,,,,,,,,,,97400000,102000000,110000000,104000000,178000000,186000000,231000000,245000000,252000000,234000000,262000000,286000000,328000000,369000000,294000000,258000000,244000000,218000000,226000000,243000000,199000000,249000000,293000000,323000000,362000000,350000000,391000000,415000000,411000000,412000000,528000000,424000000,403000000,347000000,347000000
Bulgaria,,,,,,,,,,,,,,,,,,,,,,,,,,,,,,2070000000,795000000,232000000,256000000,283000000,242000000,311000000,214000000,244000000,320000000,357000000,351000000,406000000,456000000,569000000,651000000,699000000,751000000,1030000000,1040000000,963000000,893000000,829000000,808000000,900000000,836000000,661000000,755000000,824000000,1100000000
Burkina Faso,1270000,1640000,4900000,5280000,5360000,3510000,3910000,3700000,3760000,4020000,4190000,4340000,4950000,6080000,6270000,18100000,19500000,22900000,32400000,32000000,35400000,33900000,32900000,29300000,27000000,27100000,51200000,50700000,57200000,66800000,84500000,69500000,71100000,60500000,30300000,36900000,37100000,38500000,39500000,41700000,36700000,36800000,42500000,50800000,65700000,73800000,72600000,108000000,117000000,127000000,124000000,139000000,148000000,166000000,177000000,148000000,149000000,191000000,312000000
Burundi,,,8420000,1010000,1160000,2150000,2290000,2380000,2590000,3340000,,2630000,3600000,5920000,7680000,8530000,9970000,14000000,17000000,20000000,27800000,30000000,36700000,34400000,29900000,32200000,34600000,30800000,34300000,37900000,39600000,42800000,39000000,36300000,41900000,42100000,50900000,61900000,58700000,50600000,42300000,53200000,44900000,43400000,44900000,49600000,44700000,46300000,43900000,,,,59000000,60900000,62200000,66200000,66500000,63900000,65400000
Cambodia,,,,,,,,,,,,,,,,,,,,,,,,,,,,,,,29100000,43300000,62300000,44600000,107000000,123000000,114000000,103000000,83300000,88200000,81000000,70800000,65200000,67500000,69200000,71000000,75900000,79000000,82600000,137000000,168000000,192000000,217000000,243000000,278000000,325000000,382000000,464000000,543000000
Cameroon,,,,,,,,,,,20300000,21500000,24900000,31600000,34600000,46800000,48500000,55200000,71400000,88400000,99900000,120000000,132000000,130000000,127000000,116000000,145000000,163000000,154000000,147000000,181000000,178000000,184000000,168000000,94500000,114000000,117000000,119000000,137000000,145000000,123000000,124000000,146000000,188000000,221000000,223000000,257000000,297000000,347000000,343000000,354000000,347000000,354000000,393000000,402000000,354000000,387000000,408000000,430000000
Canada,1700000000,1680000000,1670000000,1610000000,1660000000,1570000000,1610000000,1780000000,1800000000,1770000000,1890000000,2080000000,2230000000,2360000000,2810000000,3180000000,3580000000,3750000000,3970000000,4080000000,4740000000,5140000000,6020000000,6950000000,7350000000,7460000000,7780000000,8690000000,9900000000,10700000000,11400000000,11300000000,10800000000,10300000000,9580000000,9180000000,8620000000,7950000000,7750000000,8210000000,8300000000,8380000000,8500000000,9960000000,11300000000,13000000000,14800000000,17400000000,19300000000,18900000000,19300000000,21400000000,20500000000,18500000000,17900000000,17900000000,17800000000,21300000000,21600000000
Cape Verde,,,,,,,,,,,,,,,,,,,,,,,,,3690000,3390000,4450000,4970000,5080000,,,,3560000,2740000,3430000,6210000,4260000,4100000,4510000,5000000,6800000,4640000,4520000,5780000,6450000,7080000,6990000,7940000,10800000,8400000,8240000,9760000,9740000,9820000,10000000,8920000,10200000,9350000,10700000
Central African Republic,,,,,,,,,,,,,,,,,,,,,,,,,,,,,,,,21600000,23200000,19100000,10700000,13000000,12200000,,,,,,10700000,15000000,15100000,15400000,,19100000,31500000,36000000,51600000,49900000,42700000,47900000,38400000,26700000,26800000,27500000,31000000
Chad,,,,,,,,,,,,,,,,,,,,,,,,39400000,40000000,37800000,48800000,34300000,77900000,56400000,34300000,,35300000,39200000,22200000,20000000,24800000,16600000,16100000,21000000,21300000,26200000,34300000,40900000,50500000,55500000,223000000,389000000,611000000,739000000,616000000,610000000,,726000000,392000000,221000000,310000000,219000000,233000000
Chile,127000000,161000000,163000000,153000000,150000000,168000000,187000000,183000000,174000000,180000000,388000000,652000000,746000000,1010000000,1100000000,487000000,600000000,924000000,1040000000,1310000000,1790000000,2290000000,2160000000,1500000000,1460000000,1140000000,1110000000,1170000000,1000000000,989000000,1030000000,1040000000,1170000000,1290000000,1470000000,1830000000,1900000000,2120000000,2110000000,2040000000,2100000000,1890000000,1780000000,2070000000,2690000000,3100000000,3860000000,4020000000,4640000000,3900000000,4890000000,5690000000,5470000000,5530000000,5100000000,4630000000,4800000000,5370000000,5570000000
China,,,,,,,,,,,,,,,,,,,,,,,,,,,,,,11400000000,10100000000,9950000000,12400000000,12600000000,10100000000,12600000000,14600000000,16100000000,17500000000,21000000000,22900000000,27900000000,32100000000,35100000000,40400000000,45900000000,55300000000,68000000000,86400000000,1.06E+11,1.16E+11,1.38E+11,1.57E+11,1.8E+11,2.01E+11,2.14E+11,2.16E+11,2.28E+11,2.5E+11
Colombia,76000000,97300000,154000000,170000000,190000000,185000000,173000000,179000000,141000000,132000000,163000000,264000000,171000000,174000000,195000000,228000000,229000000,280000000,361000000,468000000,611000000,639000000,668000000,860000000,890000000,717000000,679000000,721000000,862000000,865000000,890000000,911000000,1100000000,1530000000,2010000000,2620000000,4320000000,2990000000,3390000000,3250000000,3030000000,3260000000,3350000000,3280000000,4060000000,4910000000,5330000000,6780000000,9050000000,9030000000,10400000000,10300000000,11700000000,12500000000,11800000000,9130000000,8680000000,10000000000,10600000000
"Congo, Dem. Rep.",,,,58200000,49800000,78900000,78400000,45900000,50500000,72500000,102000000,102000000,94000000,102000000,189000000,174000000,121000000,161000000,215000000,191000000,152000000,71700000,147000000,78900000,53400000,40400000,67400000,28300000,215000000,67500000,45900000,43900000,85500000,469000000,,,89300000,83800000,26600000,149000000,133000000,,,78700000,138000000,165000000,205000000,205000000,160000000,122000000,184000000,239000000,332000000,374000000,341000000,491000000,396000000,295000000,295000000
"Congo, Rep.",,,,,,,,,,,13100000,13700000,12700000,19400000,24100000,33500000,34300000,36600000,38000000,52600000,57400000,63500000,72400000,,49400000,55600000,,101000000,,,,,126000000,109000000,,,,,,,,54400000,70700000,93800000,124000000,101000000,127000000,168000000,208000000,,218000000,,,367000000,705000000,,502000000,372000000,292000000
Costa Rica,0,0,0,0,0,0,0,0,0,0,0,0,0,0,0,0,0,0,0,0,0,0,0,0,0,0,0,0,0,0,0,0,0,0,0,0,0,0,0,0,0,0,0,0,0,0,0,0,0,0,0,0,0,0,0,0,0,0,0
Cote d'Ivoire,,,8770000,8060000,11200000,12900000,13300000,14700000,15300000,16200000,17700000,24000000,31700000,28700000,41100000,45900000,52500000,51400000,86800000,103000000,118000000,92000000,86400000,76300000,70200000,69600000,96600000,123000000,128000000,130000000,144000000,144000000,157000000,149000000,84100000,,103000000,93500000,,,,,,213000000,251000000,250000000,267000000,324000000,369000000,420000000,388000000,357000000,408000000,430000000,521000000,570000000,603000000,502000000,608000000
Croatia,,,,,,,,,,,,,,,,,,,,,,,,,,,,,,,,,782000000,1170000000,1630000000,2060000000,1940000000,1800000000,1430000000,1040000000,660000000,629000000,734000000,709000000,731000000,799000000,849000000,979000000,1300000000,1130000000,1020000000,1110000000,955000000,957000000,907000000,754000000,702000000,784000000,890000000
Cuba,,,,,,,,,,,,,,,,,,,,,,,,,,,,,,,,,,,,,,,,,,,,297000000,62000000,78600000,76600000,83400000,89100000,92500000,94300000,93700000,127000000,119000000,126000000,118000000,124000000,123000000,
Cyprus,,,,,,,,,,,,,,,,,,,,,,,,,,30700000,48700000,200000000,244000000,245000000,411000000,418000000,630000000,268000000,298000000,299000000,448000000,534000000,484000000,290000000,281000000,328000000,242000000,288000000,338000000,381000000,388000000,405000000,454000000,471000000,478000000,480000000,414000000,385000000,358000000,328000000,295000000,357000000,382000000
Czech Republic,,,,,,,,,,,,,,,,,,,,,,,,,,,,,,,,,,816000000,938000000,1070000000,1120000000,988000000,1170000000,1210000000,1160000000,1180000000,1490000000,1890000000,2040000000,2440000000,2450000000,2710000000,2920000000,2720000000,2500000000,2470000000,2220000000,2150000000,2020000000,1780000000,1950000000,2080000000,2710000000
Denmark,161000000,171000000,225000000,239000000,255000000,286000000,301000000,323000000,345000000,352000000,396000000,430000000,487000000,582000000,732000000,932000000,945000000,1060000000,1320000000,1530000000,1620000000,1450000000,1400000000,1370000000,1260000000,1260000000,1650000000,2140000000,2320000000,2180000000,2650000000,2670000000,2840000000,2680000000,2720000000,3120000000,3090000000,2800000000,2850000000,2780000000,2390000000,2530000000,2690000000,3200000000,3580000000,3470000000,3900000000,4180000000,4790000000,4340000000,4500000000,4520000000,4420000000,4220000000,4060000000,3360000000,3590000000,3760000000,4230000000
Djibouti,,,,,,,,,,,,,,,,,,,45000,45000,1820000,5350000,29600000,30900000,31100000,31400000,30600000,30800000,31100000,31100000,31100000,31800000,33600000,31100000,30700000,29600000,24500000,26600000,26700000,26800000,26000000,26000000,33300000,41800000,37400000,44800000,49500000,34500000,36300000,,,,,,,,,,
Dominican Republic,38300000,36300000,38000000,39000000,42500000,40200000,37200000,35800000,37300000,35600000,35900000,36600000,39500000,42000000,57600000,65900000,76200000,86500000,103000000,120000000,105000000,125000000,126000000,126000000,139000000,61000000,82300000,59300000,47300000,53500000,47800000,33900000,63100000,96000000,101000000,84400000,107000000,151000000,159000000,175000000,247000000,306000000,272000000,156000000,153000000,272000000,259000000,275000000,334000000,321000000,355000000,349000000,396000000,383000000,438000000,458000000,480000000,533000000,603000000
Ecuador,22400000,18700000,18300000,17100000,20600000,23800000,22900000,25300000,29300000,39700000,30700000,29700000,37300000,49200000,74800000,102000000,117000000,205000000,164000000,186000000,209000000,234000000,229000000,200000000,193000000,284000000,207000000,207000000,198000000,189000000,202000000,209000000,211000000,276000000,291000000,475000000,419000000,499000000,549000000,296000000,266000000,384000000,505000000,739000000,710000000,954000000,950000000,1310000000,1650000000,1950000000,2090000000,2450000000,2590000000,2740000000,2790000000,2600000000,2510000000,2460000000,2550000000
Egypt,,,250000000,336000000,448000000,515000000,482000000,508000000,649000000,889000000,1090000000,1270000000,1070000000,1240000000,1850000000,1930000000,2200000000,2750000000,2490000000,1150000000,1360000000,1820000000,2310000000,3000000000,3740000000,4200000000,4730000000,4810000000,4450000000,3520000000,2260000000,1350000000,1420000000,1530000000,1710000000,1950000000,2120000000,2270000000,2370000000,2450000000,2630000000,2830000000,2900000000,2380000000,2370000000,2660000000,2950000000,3310000000,3780000000,4020000000,4410000000,4460000000,4560000000,4360000000,5090000000,5480000000,4510000000,2770000000,3110000000
El Salvador,4380000,4440000,6220000,6100000,5720000,6480000,6590000,6780000,6620000,7510000,7140000,8520000,11100000,12500000,13400000,15700000,20500000,28600000,35000000,54600000,62100000,78400000,94400000,125000000,236000000,250000000,163000000,177000000,179000000,213000000,164000000,145000000,134000000,116000000,109000000,112000000,111000000,112000000,111000000,115000000,110000000,151000000,162000000,127000000,128000000,133000000,142000000,166000000,173000000,190000000,201000000,221000000,224000000,238000000,234000000,248000000,248000000,261000000,266000000
Equatorial Guinea,,,,,,,,,,,,,,,,,,,,,,,,,,,,,,,,,,,2380000,3450000,,,,,,,,,,,,196000000,293000000,372000000,,,,,167000000,,18200000,,
Eritrea,,,,,,,,,,,,,,,,,,,,,,,,,,,,,,,,,,108000000,80200000,125000000,152000000,92800000,263000000,273000000,231000000,167000000,151000000,182000000,,,,,,,,,,,,,,,
Estonia,,,,,,,,,,,,,,,,,,,,,,,,,,,,,,,,,,13100000,25100000,36300000,41400000,53000000,59900000,73800000,78300000,93800000,122000000,171000000,205000000,266000000,315000000,444000000,506000000,434000000,332000000,389000000,437000000,479000000,512000000,464000000,498000000,537000000,618000000
Ethiopia,15300000,18600000,20200000,27300000,36100000,42900000,43400000,37000000,34700000,34400000,34500000,36100000,41000000,48400000,74800000,125000000,128000000,135000000,178000000,276000000,359000000,367000000,387000000,408000000,423000000,429000000,439000000,477000000,615000000,782000000,785000000,529000000,255000000,164000000,149000000,122000000,126000000,225000000,459000000,704000000,618000000,350000000,289000000,279000000,311000000,342000000,346000000,360000000,388000000,340000000,304000000,332000000,367000000,345000000,414000000,443000000,490000000,503000000,497000000
Fiji,,,,,,,,,,,413000,536000,788000,932000,1350000,2060000,2750000,3650000,7240000,9570000,10400000,11400000,14900000,15100000,15600000,14000000,14600000,25100000,24700000,29100000,30500000,32500000,30500000,32000000,33700000,34700000,32900000,31000000,22600000,23800000,32000000,32800000,30900000,37300000,46800000,43100000,54100000,75600000,53600000,51300000,50400000,60800000,59200000,58100000,46100000,42400000,42600000,45700000,48400000
Finland,89600000,105000000,154000000,129000000,140000000,150000000,153000000,147000000,150000000,140000000,153000000,178000000,221000000,277000000,309000000,433000000,417000000,462000000,507000000,643000000,874000000,791000000,845000000,905000000,826000000,911000000,1220000000,1460000000,1700000000,1770000000,2140000000,2200000000,2080000000,1620000000,1760000000,1910000000,2020000000,1950000000,1960000000,1650000000,1560000000,1480000000,1610000000,2480000000,2890000000,3000000000,3130000000,3300000000,3960000000,3940000000,3720000000,4100000000,3940000000,4160000000,3990000000,3400000000,3420000000,3430000000,3850000000
France,3880000000,4130000000,4490000000,4630000000,4920000000,5120000000,5410000000,5860000000,6130000000,5910000000,5880000000,6300000000,7530000000,9500000000,9950000000,13000000000,13300000000,15000000000,18900000000,22700000000,26400000000,23900000000,22500000000,21700000000,20200000000,20800000000,28500000000,34900000000,36100000000,35300000000,42600000000,42700000000,45100000000,42600000000,44400000000,47800000000,46400000000,41300000000,40000000000,38900000000,33800000000,33300000000,36400000000,45900000000,53000000000,52900000000,54500000000,60600000000,66000000000,66900000000,61800000000,64600000000,60000000000,62400000000,63600000000,55300000000,57400000000,60400000000,63800000000
Gabon,,,,,,,,3010000,2990000,4350000,4640000,5500000,6670000,9420000,10500000,16800000,20100000,28900000,,56900000,68600000,88300000,88600000,86600000,80300000,95500000,136000000,,,,,,,,,,,,,,91300000,90000000,94700000,108000000,125000000,118000000,130000000,,,,269000000,266000000,278000000,282000000,208000000,170000000,203000000,267000000,261000000
Gambia,,,,,,,,,,,,,,,,,,,,,,,,728000,847000,1240000,1050000,1390000,2160000,2720000,3460000,4000000,3500000,2560000,2320000,2890000,3930000,4180000,4050000,3520000,3320000,2450000,2260000,2000000,1930000,2990000,2790000,4550000,17200000,7100000,,,11200000,10400000,14600000,14300000,,,11500000
Georgia,,,,,,,,,,,,,,,,,,,,,,,,,,,,,,,,,,,,,67700000,44000000,41100000,25900000,18800000,23800000,34000000,42600000,70400000,214000000,404000000,932000000,1090000000,604000000,454000000,469000000,492000000,442000000,416000000,300000000,315000000,308000000,317000000
Germany,2880000000,3270000000,4310000000,4980000000,4890000000,4980000000,5060000000,5350000000,4830000000,5470000000,6170000000,7260000000,9010000000,11900000000,13800000000,15300000000,15500000000,17300000000,21400000000,24800000000,26700000000,23100000000,22300000000,22100000000,20100000000,19900000000,27700000000,34100000000,35100000000,33600000000,42300000000,39500000000,42000000000,37200000000,36300000000,41200000000,39000000000,33200000000,33100000000,32600000000,28100000000,27400000000,29300000000,35100000000,38000000000,38100000000,38100000000,42600000000,48100000000,47500000000,46300000000,48100000000,46500000000,45900000000,46100000000,39800000000,41600000000,45400000000,49500000000
Ghana,20800000,27500000,27900000,31100000,33300000,35600000,47300000,,44300000,49000000,46900000,41100000,30200000,41100000,64100000,78800000,89000000,122000000,101000000,66400000,121000000,196000000,170000000,71100000,44600000,63200000,51700000,43300000,22800000,22600000,27600000,41400000,41700000,41000000,37800000,49100000,44400000,45500000,57500000,59300000,50900000,32400000,37000000,53200000,56400000,64200000,75700000,126000000,114000000,118000000,122000000,234000000,337000000,255000000,253000000,191000000,162000000,189000000,218000000
Greece,170000000,168000000,170000000,179000000,188000000,210000000,239000000,313000000,367000000,425000000,474000000,516000000,574000000,675000000,1050000000,1430000000,1560000000,1840000000,2120000000,2420000000,2280000000,2580000000,2640000000,2200000000,1990000000,1930000000,2000000000,2400000000,2750000000,2560000000,3190000000,3150000000,3620000000,3360000000,3590000000,4180000000,4610000000,4570000000,4820000000,5010000000,4560000000,4430000000,4730000000,5040000000,6270000000,7030000000,7610000000,8530000000,10600000000,10600000000,8160000000,7130000000,5910000000,5660000000,5530000000,4820000000,4960000000,5090000000,5230000000
Guatemala,12100000,12100000,12000000,14800000,13000000,18600000,19100000,21200000,20400000,17600000,32300000,22200000,24000000,23400000,28400000,44900000,55500000,75200000,71700000,90200000,104000000,163000000,177000000,184000000,207000000,224000000,141000000,124000000,147000000,152000000,132000000,119000000,154000000,144000000,153000000,158000000,141000000,132000000,140000000,124000000,158000000,197000000,158000000,179000000,115000000,104000000,131000000,136000000,166000000,147000000,170000000,197000000,224000000,250000000,246000000,252000000,291000000,275000000,278000000
Guinea,,,,,,10500000,13900000,,14200000,14700000,15100000,26300000,31700000,36100000,,,,,85200000,71000000,60300000,52500000,52300000,,,,,,,,,71800000,55700000,44000000,45900000,,,44400000,45000000,55200000,46000000,87700000,98100000,84100000,81000000,,,,,,,,169000000,197000000,197000000,221000000,162000000,199000000,209000000
Guinea-Bissau,,,,,,,,,,,,,,,,,,,,,,,9410000,18100000,6470000,4650000,6130000,3880000,,4430000,,,,,2020000,2210000,1900000,1820000,2900000,,9530000,6180000,6360000,7510000,,12100000,,,,13700000,17100000,17500000,24500000,21700000,21500000,17000000,,,
Guyana,,,,,,,,,,,,,,5030000,11100000,32400000,34000000,24300000,17300000,17200000,21900000,22400000,24700000,22100000,20700000,39000000,27800000,10600000,11000000,6020000,3590000,2030000,3630000,4440000,5490000,5690000,5560000,,,,12600000,14400000,16700000,16300000,22100000,18500000,19200000,25000000,30500000,31100000,31100000,32400000,33500000,35200000,39300000,46400000,51600000,59700000,59800000
Haiti,,,,,,,,,,,,,,,,,,,,,,,,,,,,,1970000,2230000,2670000,2620000,1740000,1650000,1600000,2480000,,,,,,,,,,,,,,,,,,51600,53500,73600,64500,73600,79700
Honduras,3920000,3830000,3830000,3820000,5850000,6250000,6500000,6800000,7050000,7200000,9900000,11400000,15400000,16000000,16900000,21400000,23700000,31800000,43100000,49600000,57000000,60500000,67000000,70000000,81000000,94000000,106000000,123000000,132000000,138000000,67100000,47400000,,40600000,,,,,,,52500000,63000000,63600000,82200000,60600000,62600000,75600000,95900000,132000000,157000000,170000000,200000000,212000000,295000000,314000000,356000000,363000000,398000000,410000000
Hungary,,,,,,,,,150000000,173000000,223000000,226000000,232000000,263000000,308000000,366000000,382000000,420000000,538000000,621000000,741000000,758000000,751000000,701000000,641000000,1030000000,766000000,824000000,1030000000,813000000,847000000,723000000,812000000,736000000,757000000,612000000,585000000,696000000,618000000,703000000,716000000,845000000,1080000000,1400000000,1530000000,1600000000,1410000000,1780000000,1870000000,1480000000,1350000000,1470000000,1320000000,1280000000,1210000000,1130000000,1290000000,1460000000,1640000000
Iceland,0,0,0,0,0,0,0,0,0,0,0,0,0,0,0,0,0,0,0,0,0,0,0,0,0,0,0,0,0,0,0,0,0,0,0,0,0,0,0,0,0,0,0,0,0,0,0,0,0,0,0,0,0,0,0,0,0,0,0
India,682000000,748000000,1070000000,1800000000,1990000000,2130000000,1660000000,1490000000,1590000000,1690000000,1830000000,2260000000,2500000000,2530000000,2900000000,3320000000,3290000000,3480000000,3980000000,4590000000,5420000000,5880000000,6300000000,6830000000,6960000000,7570000000,9540000000,10900000000,11300000000,10600000000,10500000000,8620000000,8080000000,8250000000,8880000000,9750000000,9900000000,11500000000,11900000000,13900000000,14300000000,14600000000,14700000000,16300000000,20200000000,23100000000,24000000000,28300000000,33000000000,38700000000,46100000000,49600000000,47200000000,47400000000,50900000000,51300000000,56600000000,64600000000,66500000000
Indonesia,,,,,,,,,,,,,,,698000000,1060000000,1280000000,1470000000,1630000000,1550000000,2110000000,2650000000,2740000000,2050000000,2000000000,1920000000,1730000000,1350000000,1360000000,1410000000,1610000000,1700000000,1890000000,1930000000,2240000000,2480000000,2870000000,3230000000,973000000,1140000000,1130000000,919000000,1370000000,2130000000,2430000000,2150000000,2610000000,3350000000,3230000000,3300000000,4660000000,5840000000,6530000000,8380000000,6930000000,7640000000,7390000000,8180000000,7440000000
Iran,98700000,106000000,110000000,129000000,155000000,200000000,256000000,331000000,437000000,566000000,620000000,402000000,372000000,481000000,3880000000,5950000000,7190000000,7620000000,8110000000,4990000000,4870000000,8120000000,9700000000,10600000000,9930000000,10700000000,11700000000,15300000000,18900000000,16300000000,16500000000,17500000000,19700000000,1450000000,1700000000,2500000000,3550000000,4640000000,5480000000,6650000000,8330000000,10400000000,3240000000,3720000000,5240000000,6800000000,8750000000,9330000000,11100000000,12600000000,13600000000,14300000000,16500000000,12000000000,9900000000,10600000000,12300000000,13900000000,13200000000
Iraq,119000000,125000000,135000000,163000000,185000000,226000000,235000000,235000000,291000000,376000000,401000000,426000000,466000000,665000000,1430000000,1590000000,1760000000,2010000000,1990000000,2370000000,2980000000,4090000000,,,,,,,,,,,,,,,,,,,,,,,614000000,1120000000,1240000000,1990000000,3120000000,3240000000,3750000000,4280000000,4140000000,7780000000,6920000000,9600000000,5970000000,7420000000,6320000000
Ireland,25800000,27600000,29200000,30200000,36100000,39100000,38300000,39700000,37100000,41600000,51000000,63500000,84000000,98300000,111000000,154000000,153000000,172000000,217000000,290000000,363000000,327000000,342000000,310000000,284000000,301000000,409000000,435000000,453000000,434000000,594000000,625000000,674000000,598000000,634000000,702000000,751000000,765000000,742000000,742000000,695000000,768000000,811000000,965000000,1100000000,1140000000,1190000000,1370000000,1580000000,1420000000,1270000000,1300000000,1160000000,1200000000,1190000000,997000000,1000000000,1030000000,1210000000
Israel,190000000,242000000,211000000,259000000,279000000,314000000,376000000,606000000,690000000,872000000,1260000000,1270000000,1460000000,2570000000,3480000000,3760000000,3650000000,3180000000,3120000000,3390000000,4120000000,4700000000,4520000000,4270000000,4210000000,4000000000,4390000000,6000000000,7690000000,6270000000,7380000000,10500000000,8260000000,8760000000,8780000000,8980000000,9600000000,9690000000,9150000000,8650000000,9410000000,9610000000,10100000000,10800000000,11100000000,10900000000,11600000000,12100000000,14200000000,14000000000,14600000000,16300000000,15600000000,17300000000,18500000000,17000000000,14800000000,15600000000,15900000000
Italy,1010000000,1060000000,1220000000,1460000000,1590000000,1720000000,1900000000,1930000000,1990000000,2000000000,2220000000,2650000000,3290000000,3640000000,3890000000,4220000000,3840000000,4560000000,5540000000,6900000000,7920000000,7390000000,8060000000,8410000000,8300000000,8250000000,11900000000,15700000000,17400000000,17700000000,20700000000,21600000000,22200000000,18200000000,18100000000,17200000000,20800000000,20200000000,20800000000,21000000000,19900000000,19500000000,21600000000,26800000000,30300000000,29700000000,29600000000,32000000000,36800000000,34100000000,32000000000,33800000000,29800000000,30000000000,27700000000,22200000000,25000000000,26400000000,27800000000
Jamaica,,,,,,,,,,,,,,,,,27400000,30600000,,,,44900000,53600000,50200000,25200000,18700000,23500000,25300000,30900000,40900000,38600000,31900000,47200000,44500000,34200000,35300000,41800000,54900000,47600000,45100000,43600000,46400000,56900000,54800000,54500000,59300000,72600000,83500000,131000000,115000000,116000000,134000000,138000000,128000000,121000000,124000000,138000000,144000000,208000000
Japan,481000000,492000000,538000000,630000000,718000000,821000000,932000000,1040000000,1170000000,1340000000,1580000000,1900000000,2570000000,3370000000,3960000000,4530000000,5010000000,6160000000,8660000000,9170000000,9710000000,10900000000,10200000000,11400000000,12200000000,13100000000,19500000000,23600000000,28200000000,28000000000,28800000000,32800000000,36000000000,41400000000,45300000000,50000000000,44000000000,40600000000,37800000000,43100000000,45500000000,40800000000,39300000000,42500000000,45300000000,44300000000,41600000000,40500000000,46400000000,51500000000,54700000000,60800000000,60000000000,49000000000,46900000000,42100000000,46500000000,45400000000,46600000000
Jordan,56100000,55500000,60400000,61900000,61900000,62900000,76100000,105000000,128000000,126000000,110000000,109000000,129000000,151000000,163000000,181000000,295000000,263000000,305000000,400000000,416000000,439000000,465000000,485000000,458000000,502000000,626000000,647000000,588000000,383000000,322000000,433000000,368000000,391000000,408000000,300000000,417000000,444000000,496000000,512000000,529000000,529000000,522000000,612000000,587000000,604000000,702000000,1030000000,1360000000,1570000000,1560000000,1590000000,1470000000,1440000000,1550000000,1610000000,1770000000,1940000000,1960000000
Kazakhstan,,,,,,,,,,,,,,,,,,,,,,,,,,,,,,,,,,,107000000,178000000,242000000,237000000,243000000,144000000,144000000,221000000,246000000,318000000,426000000,592000000,793000000,1360000000,1540000000,1270000000,1500000000,1800000000,2180000000,2550000000,2310000000,2050000000,1280000000,1390000000,1610000000
Kenya,,,,1860000,5880000,9900000,13000000,16000000,16400000,15700000,17000000,22100000,29700000,37300000,46800000,54100000,75900000,148000000,239000000,291000000,272000000,241000000,244000000,209000000,175000000,146000000,181000000,250000000,251000000,229000000,246000000,192000000,156000000,106000000,117000000,149000000,171000000,176000000,172000000,152000000,166000000,195000000,214000000,246000000,260000000,317000000,376000000,495000000,580000000,578000000,622000000,647000000,840000000,861000000,819000000,844000000,933000000,1020000000,1100000000
Kuwait,,,,,,,,,,,68700000,73400000,90700000,137000000,385000000,,,749000000,738000000,881000000,951000000,1040000000,1290000000,1430000000,1470000000,1380000000,1300000000,1340000000,1700000000,2080000000,8960000000,12900000000,6320000000,2980000000,3300000000,3690000000,3240000000,2450000000,2280000000,2290000000,2700000000,2690000000,2820000000,3130000000,3450000000,3510000000,3600000000,4120000000,4430000000,4210000000,4340000000,5390000000,5940000000,5700000000,5830000000,5740000000,6450000000,6760000000,7300000000
Kyrgyz Republic,,,,,,,,,,,,,,,,,,,,,,,,,,,,,,,,,,,12100000,26700000,28300000,31200000,26100000,23100000,25800000,22200000,25900000,32600000,37200000,39700000,47200000,50900000,61100000,67200000,77200000,86400000,108000000,119000000,128000000,117000000,116000000,122000000,121000000
Lao,,,,,,,,35500000,35500000,36100000,38000000,39100000,20300000,21200000,,,,,,,,,,,,,,,,,,,102000000,108000000,116000000,104000000,78400000,67100000,33400000,15400000,13700000,12600000,11400000,11000000,11500000,12000000,13400000,14800000,16300000,14000000,15400000,19000000,20300000,22700000,,,,,
Latvia,,,,,,,,,,,,,,,,,,,,,,,,,,,,,,,,,,17700000,33900000,43600000,38200000,38000000,42200000,56600000,70000000,87000000,147000000,189000000,229000000,273000000,368000000,481000000,582000000,364000000,260000000,297000000,256000000,284000000,296000000,283000000,407000000,509000000,680000000
Lebanon,22900000,27800000,40900000,33900000,38100000,44600000,51400000,57700000,65600000,65100000,64500000,66900000,106000000,104000000,179000000,166000000,173000000,126000000,253000000,346000000,503000000,373000000,247000000,492000000,475000000,227000000,148000000,37000000,39300000,,214000000,229000000,443000000,453000000,637000000,746000000,736000000,678000000,694000000,830000000,930000000,959000000,907000000,923000000,955000000,963000000,1010000000,1150000000,1170000000,1430000000,1590000000,1630000000,1760000000,1940000000,2270000000,2240000000,2610000000,2440000000,2780000000
Lesotho,,,,,,,,,,,,,,,,,2290000,2780000,4010000,5370000,11600000,12400000,15000000,14100000,12300000,10700000,13400000,18100000,17000000,22600000,24200000,22300000,24200000,22100000,25900000,34400000,28300000,28700000,27800000,34100000,30600000,23400000,19600000,27400000,31400000,33600000,35200000,39800000,27400000,47400000,70700000,58200000,53200000,47900000,47700000,44000000,41500000,52600000,51100000
Liberia,,,,,,2700000,2800000,3050000,3050000,3050000,3550000,4050000,4050000,3750000,4550000,5500000,6400000,7750000,8900000,9400000,12800000,26400000,43400000,38800000,25000000,25200000,24400000,22300000,25000000,,,25000000,22700000,30500000,39300000,,,,,,,,,,3180000,8030000,3930000,3490000,3910000,7190000,8460000,13300000,15200000,15100000,14500000,14800000,14700000,15300000,15800000
Libya,5570000,7170000,16700000,18700000,21500000,29100000,58500000,79500000,95500000,143000000,242000000,243000000,203000000,298000000,432000000,288000000,326000000,480000000,730000000,854000000,1070000000,557000000,709000000,,,,,,,,,,,,,,,1250000000,1440000000,1150000000,1090000000,820000000,453000000,541000000,685000000,691000000,614000000,639000000,1100000000,,,,2990000000,3960000000,3760000000,,,,
Lithuania,,,,,,,,,,,,,,,,,,,,,,,,,,,,,,,,,,20800000,21100000,30500000,42300000,75600000,138000000,106000000,140000000,167000000,181000000,211000000,271000000,304000000,352000000,442000000,541000000,405000000,326000000,345000000,329000000,355000000,427000000,471000000,635000000,812000000,1030000000
Luxembourg,5260000,5800000,7100000,6960000,9280000,9520000,9920000,8230000,7480000,7820000,8310000,9050000,11700000,15400000,18200000,22700000,25500000,28700000,36600000,42400000,52400000,46200000,41400000,41200000,38700000,38100000,53500000,73200000,86000000,76000000,96700000,108000000,123000000,108000000,126000000,142000000,141000000,134000000,143000000,141000000,128000000,160000000,153000000,199000000,235000000,244000000,247000000,286000000,237000000,223000000,274000000,257000000,238000000,259000000,279000000,276000000,261000000,358000000,419000000
Madagascar,1600000,8480000,9180000,8960000,9460000,10700000,11300000,12100000,13000000,13000000,12100000,12800000,16100000,20300000,25900000,30200000,33000000,44000000,52200000,81900000,90400000,86500000,,,55100000,50900000,50600000,36700000,32900000,30200000,37900000,34700000,23100000,37800000,27600000,27200000,49400000,52500000,50400000,45000000,47200000,65000000,57700000,72500000,54500000,54000000,53900000,81900000,103000000,71000000,56900000,72000000,68600000,71900000,69700000,58900000,59400000,66900000,73300000
Malawi,,,,,,1770000,1850000,2130000,1880000,1960000,2060000,2340000,2700000,4710000,5300000,9360000,9210000,13600000,25600000,43000000,53100000,38500000,27000000,22200000,18800000,19800000,24700000,21600000,20200000,22800000,24300000,23700000,25200000,25700000,17100000,11000000,20200000,26400000,14500000,14400000,11700000,12700000,14800000,13100000,22000000,38200000,31100000,33600000,44500000,58800000,50000000,52800000,46200000,62900000,49500000,40800000,35700000,47400000,58400000
Malaysia,51300000,42500000,43800000,60800000,84600000,119000000,149000000,143000000,148000000,144000000,200000000,228000000,251000000,297000000,397000000,441000000,440000000,638000000,607000000,779000000,1040000000,1450000000,1440000000,1340000000,1270000000,1080000000,894000000,1330000000,856000000,1020000000,1130000000,1570000000,1770000000,1920000000,2120000000,2440000000,2420000000,2090000000,1160000000,1660000000,1530000000,1930000000,2240000000,2880000000,2820000000,3120000000,3270000000,3970000000,4410000000,3960000000,3850000000,4690000000,4510000000,4920000000,4920000000,4530000000,4170000000,3490000000,3470000000
Mali,,3920000,4340000,4380000,5170000,4650000,4640000,5080000,5250000,5670000,6150000,6320000,8330000,11000000,11600000,19100000,21800000,26100000,31000000,36200000,38300000,31600000,29500000,26800000,25400000,29800000,37500000,44300000,48000000,46100000,52200000,,,44500000,29900000,40500000,39700000,40300000,41000000,43900000,43700000,44900000,49400000,66800000,77400000,86500000,96000000,110000000,143000000,144000000,147000000,161000000,149000000,154000000,218000000,309000000,362000000,459000000,495000000
Malta,,,,,,,,,,,,,,,,,,,,,,,,,,12900000,16500000,23100000,22400000,21300000,21200000,21700000,26700000,24600000,27900000,31100000,33300000,31100000,29100000,28000000,25400000,27100000,28400000,34100000,40500000,52500000,44400000,49300000,56000000,59100000,58700000,55900000,49900000,53800000,56500000,51800000,59700000,64200000,69300000
Mauritania,,,,,,,,,,,,,,,,,,,,,,,,,,41100000,42500000,43700000,43000000,38900000,40200000,39400000,39400000,30200000,29500000,32000000,37900000,41600000,25600000,32000000,37900000,51900000,36300000,62400000,,66700000,81900000,,123000000,115000000,,,142000000,144000000,145000000,133000000,136000000,144000000,159000000
Mauritius,,,,,,,,,271000,337000,414000,474000,543000,643000,789000,1090000,1320000,1420000,1750000,2480000,5540000,5330000,2830000,2930000,2620000,2360000,2900000,3650000,4690000,6330000,9180000,10500000,11400000,10800000,11900000,13400000,13000000,9800000,8460000,9040000,9360000,8980000,9500000,10900000,10900000,10900000,10800000,11600000,15600000,15300000,14900000,17500000,16700000,23200000,19700000,21100000,23000000,23800000,23200000
Mexico,84000000,86400000,99200000,112000000,120000000,119000000,130000000,134000000,149000000,180000000,177000000,191000000,242000000,301000000,407000000,505000000,532000000,438000000,518000000,680000000,810000000,1280000000,858000000,779000000,1160000000,1240000000,817000000,813000000,982000000,1150000000,1330000000,1600000000,2000000000,2330000000,2890000000,1710000000,2060000000,2390000000,2480000000,2910000000,3320000000,3540000000,3480000000,3250000000,3130000000,3620000000,4080000000,4780000000,4940000000,4860000000,5900000000,6470000000,6980000000,7840000000,8660000000,7740000000,6020000000,5780000000,6570000000
Moldova,,,,,,,,,,,,,,,,,,,,,,,,,,,,,,,,,,,,13300000,15400000,17400000,10600000,5990000,5090000,5960000,6980000,8250000,9380000,12000000,16400000,22700000,36800000,24900000,18300000,23000000,23900000,26700000,27600000,23100000,29700000,30600000,34000000
Mongolia,,,,,,,,,,,,,,,,,,,,,,,,,,,,,,,,111000000,33000000,14100000,16400000,21300000,21600000,18700000,19900000,18000000,24300000,23100000,25300000,24300000,27700000,29800000,39200000,56600000,66700000,37600000,54900000,87200000,114000000,103000000,105000000,102000000,96400000,82800000,96100000
Montenegro,,,,,,,,,,,,,,,,,,,,,,,,,,,,,,,,,,,,,,,,,,,,,,60800000,62300000,64200000,85100000,76700000,75100000,79400000,67700000,64800000,67500000,56900000,61700000,65700000,83800000
Morocco,41600000,48300000,53800000,74900000,70000000,63200000,67900000,70300000,90900000,85000000,88900000,111000000,140000000,186000000,242000000,413000000,577000000,731000000,773000000,896000000,1120000000,976000000,959000000,628000000,512000000,692000000,729000000,815000000,917000000,991000000,1070000000,1150000000,1230000000,1250000000,1370000000,1440000000,1450000000,1400000000,1440000000,1210000000,859000000,1470000000,1470000000,1820000000,1940000000,2030000000,2130000000,2410000000,2940000000,3060000000,3160000000,3340000000,3400000000,4070000000,4050000000,3270000000,3330000000,3460000000,3700000000
Mozambique,,,,,,,,,,,,,,,,,,39100000,76300000,78000000,92300000,99300000,103000000,116000000,137000000,148000000,171000000,83600000,63900000,79100000,84600000,71800000,59600000,59400000,72900000,33500000,36000000,42000000,49300000,56500000,55400000,50600000,53500000,59800000,77600000,62200000,57400000,68600000,83700000,84300000,99200000,119000000,139000000,158000000,174000000,120000000,112000000,128000000,145000000
Myanmar,89500000,85600000,90700000,100000000,97900000,107000000,105000000,102000000,105000000,114000000,123000000,128000000,117000000,152000000,160000000,139000000,155000000,169000000,183000000,191000000,202000000,205000000,195000000,192000000,189000000,197000000,232000000,204000000,255000000,550000000,814000000,943000000,1370000000,2060000000,2800000000,3930000000,4680000000,4780000000,5870000000,6950000000,9030000000,9460000000,11000000000,24200000000,29900000000,33000000000,,,,,,,2970000000,2370000000,2370000000,2550000000,2460000000,2220000000,2030000000
Namibia,,,,,,,,,,,,,,,,,,,,,,,,,,,,,,,,145000000,125000000,70200000,57000000,68200000,66500000,83700000,78900000,106000000,92400000,96800000,88000000,129000000,167000000,192000000,200000000,228000000,266000000,300000000,397000000,444000000,412000000,390000000,537000000,518000000,425000000,458000000,452000000
Nepal,,,,,,,,,,,5190000,5890000,6500000,7150000,8450000,10500000,11900000,13200000,14900000,17300000,20100000,22000000,25500000,29100000,29200000,30500000,31100000,33900000,35800000,36300000,37900000,35400000,37600000,37000000,39300000,39800000,39500000,42600000,42300000,47500000,51400000,64700000,85400000,103000000,131000000,159000000,157000000,170000000,187000000,210000000,255000000,285000000,257000000,281000000,328000000,324000000,356000000,405000000,399000000
Netherlands,455000000,552000000,604000000,637000000,735000000,750000000,771000000,884000000,906000000,1020000000,1080000000,1250000000,1520000000,1920000000,2290000000,2810000000,2900000000,3700000000,4230000000,5040000000,5270000000,4530000000,4830000000,4260000000,3980000000,3880000000,5350000000,6540000000,6730000000,6400000000,7420000000,7250000000,7900000000,7050000000,7140000000,8010000000,7830000000,6840000000,6840000000,7030000000,5970000000,6200000000,6730000000,8360000000,9380000000,9570000000,10200000000,11500000000,12400000000,12100000000,11200000000,11600000000,10400000000,10200000000,10300000000,8670000000,9120000000,9580000000,11200000000
New Zealand,101000000,96700000,96300000,100000000,123000000,127000000,148000000,150000000,136000000,148000000,172000000,181000000,206000000,246000000,291000000,292000000,272000000,307000000,389000000,437000000,677000000,660000000,609000000,568000000,530000000,529000000,691000000,926000000,962000000,960000000,1060000000,989000000,870000000,867000000,980000000,1150000000,1240000000,1180000000,969000000,970000000,858000000,797000000,866000000,1130000000,1290000000,1390000000,1460000000,1710000000,1660000000,1620000000,1930000000,2080000000,2090000000,2130000000,2270000000,1940000000,2090000000,2330000000,2260000000
Nicaragua,,,,,,,,,6890000,6990000,8350000,8440000,11000000,10400000,15000000,18500000,25200000,35200000,44500000,32300000,47200000,71900000,,,,,,,,,1140000000,67700000,47200000,40200000,35400000,35100000,31500000,30300000,26300000,26900000,30800000,28200000,34800000,35300000,32600000,34100000,37300000,39500000,42700000,41700000,44300000,51500000,70100000,74500000,81400000,98900000,85100000,86700000,81600000
Niger,,,,,,,,,,,,,,,,7330000,8180000,11000000,14800000,17500000,17000000,14000000,12800000,12400000,10600000,10900000,14400000,13700000,,,,,,,17500000,18400000,17400000,17300000,22000000,23600000,20100000,24800000,20700000,24600000,31600000,32800000,,,53600000,53000000,66900000,83900000,149000000,106000000,146000000,,166000000,200000000,230000000
Nigeria,23400000,28300000,38600000,45500000,54300000,65900000,55700000,240000000,369000000,684000000,662000000,639000000,904000000,1020000000,1350000000,3030000000,2640000000,3140000000,3020000000,3070000000,3030000000,2140000000,1650000000,1630000000,1210000000,1090000000,517000000,202000000,271000000,171000000,277000000,244000000,174000000,289000000,320000000,639000000,701000000,819000000,1150000000,492000000,369000000,571000000,897000000,587000000,640000000,674000000,776000000,971000000,1620000000,1500000000,1990000000,2380000000,2320000000,2420000000,2360000000,2070000000,1720000000,1620000000,2040000000
North Macedonia,,,,,,,,,,,,,,,,,,,,,,,,,,,,,,,,,,,,,131000000,83300000,79000000,66200000,69800000,226000000,106000000,116000000,135000000,127000000,126000000,163000000,173000000,159000000,130000000,132000000,119000000,127000000,124000000,100000000,101000000,112000000,117000000
Norway,148000000,165000000,192000000,205000000,220000000,266000000,273000000,294000000,322000000,350000000,388000000,428000000,492000000,608000000,711000000,913000000,977000000,1110000000,1310000000,1450000000,1670000000,1650000000,1700000000,1700000000,1550000000,1800000000,2170000000,2750000000,2890000000,2930000000,3390000000,3290000000,3800000000,3180000000,3400000000,3510000000,3540000000,3250000000,3320000000,3310000000,2920000000,2970000000,4070000000,4520000000,4890000000,4880000000,5010000000,5880000000,6370000000,6200000000,6500000000,7230000000,7140000000,7390000000,7330000000,5820000000,6000000000,6470000000,7070000000
Oman,,,,,,,,,,,,29100000,54500000,89800000,256000000,523000000,589000000,515000000,574000000,584000000,884000000,1130000000,1260000000,1460000000,1580000000,1620000000,1310000000,1140000000,1150000000,1170000000,1450000000,1250000000,1520000000,1440000000,1520000000,1510000000,1440000000,1480000000,1320000000,1340000000,1580000000,1820000000,1870000000,1970000000,2230000000,2740000000,3020000000,3240000000,3460000000,3370000000,3670000000,5000000000,9250000000,8770000000,8210000000,7530000000,7940000000,6800000000,6710000000
Pakistan,209000000,210000000,200000000,220000000,258000000,440000000,550000000,478000000,493000000,553000000,635000000,739000000,478000000,478000000,609000000,771000000,833000000,914000000,1030000000,1180000000,1430000000,1740000000,1850000000,1990000000,2110000000,2140000000,2280000000,2500000000,2720000000,2580000000,2810000000,3070000000,3390000000,3310000000,3320000000,3670000000,3550000000,3320000000,3220000000,3080000000,2970000000,2840000000,3270000000,3720000000,4130000000,4590000000,4970000000,5340000000,5230000000,5270000000,5970000000,6950000000,7480000000,7650000000,8650000000,9480000000,9970000000,11500000000,11400000000
Panama,,,,,,,,,,,,,,,,,,,,,,,,,,,,104000000,103000000,102000000,73100000,78600000,78800000,95200000,101000000,96600000,101000000,118000000,104000000,112000000,0,0,0,0,0,0,0,0,0,0,0,0,0,0,0,0,0,0,0
Papua New Guinea,,,,,,,,,,,,,,,,7930000,22000000,22300000,27400000,30200000,38800000,38200000,,,,34300000,37500000,42400000,46300000,53100000,68700000,52600000,58600000,68600000,83300000,56400000,78700000,79600000,49700000,35700000,33600000,25200000,17000000,19300000,24400000,30500000,31300000,39300000,39300000,52000000,46300000,64200000,111000000,105000000,112000000,99800000,79100000,71900000,60600000
Paraguay,7090000,7190000,8280000,9210000,9820000,11700000,13600000,14900000,16600000,17900000,19300000,20800000,28900000,30900000,31400000,43500000,46800000,55500000,69500000,63500000,89300000,132000000,208000000,221000000,173000000,158000000,191000000,117000000,178000000,98100000,112000000,198000000,170000000,158000000,161000000,207000000,202000000,168000000,139000000,117000000,110000000,91300000,69900000,63500000,84500000,77500000,107000000,132000000,168000000,168000000,205000000,285000000,321000000,371000000,398000000,387000000,343000000,348000000,387000000
Peru,49100000,63000000,66400000,97300000,120000000,133000000,145000000,244000000,113000000,129000000,218000000,247000000,276000000,364000000,455000000,711000000,778000000,1030000000,665000000,521000000,949000000,995000000,1270000000,927000000,666000000,667000000,868000000,1460000000,737000000,863000000,777000000,698000000,905000000,957000000,1110000000,1410000000,1400000000,1180000000,1140000000,992000000,912000000,904000000,840000000,891000000,922000000,1200000000,1290000000,1330000000,1500000000,1850000000,2180000000,2360000000,2860000000,3310000000,3220000000,3310000000,2540000000,2670000000,2710000000
Philippines,124000000,129000000,82900000,94200000,93600000,93100000,110000000,129000000,154000000,189000000,155000000,161000000,196000000,301000000,522000000,,715000000,754000000,623000000,874000000,879000000,982000000,965000000,800000000,513000000,609000000,594000000,652000000,932000000,955000000,951000000,913000000,1080000000,1170000000,1390000000,1700000000,1880000000,1580000000,1230000000,1340000000,1300000000,1120000000,1200000000,1300000000,1240000000,1370000000,1610000000,2010000000,2270000000,2120000000,2440000000,2700000000,2900000000,3380000000,3100000000,3340000000,4360000000,3760000000,3770000000
Poland,3550000000,4030000000,4380000000,4950000000,5200000000,5530000000,5980000000,6280000000,7230000000,7980000000,8530000000,9450000000,10100000000,12100000000,13200000000,14300000000,15600000000,17400000000,10300000000,1940000000,1510000000,1570000000,2120000000,2200000000,2310000000,2140000000,2170000000,1770000000,1780000000,1490000000,1540000000,1720000000,1880000000,2120000000,2250000000,2720000000,3080000000,3190000000,3490000000,3230000000,3150000000,3630000000,3780000000,4150000000,4780000000,5900000000,6620000000,8590000000,9350000000,7900000000,8790000000,9460000000,8990000000,9280000000,10300000000,10200000000,9160000000,9870000000,11600000000
Portugal,105000000,171000000,200000000,199000000,224000000,232000000,257000000,333000000,372000000,375000000,436000000,518000000,593000000,683000000,988000000,779000000,623000000,577000000,623000000,702000000,868000000,844000000,803000000,693000000,628000000,654000000,936000000,1130000000,1350000000,1460000000,1880000000,2120000000,2530000000,2190000000,2170000000,2670000000,2600000000,2390000000,2340000000,2410000000,2200000000,2320000000,2600000000,3110000000,3720000000,4040000000,4070000000,4370000000,4810000000,4950000000,4720000000,4900000000,4140000000,4720000000,4110000000,3570000000,3570000000,3650000000,4250000000
Qatar,,,,,,,,,,,,,,,,,,,,,617000000,1060000000,1470000000,905000000,875000000,1530000000,,865000000,983000000,848000000,791000000,896000000,,,,,,,,,,,761000000,785000000,772000000,888000000,1070000000,1560000000,2320000000,1950000000,1880000000,,,,,,,,
Romania,741000000,795000000,902000000,905000000,949000000,1030000000,1080000000,1120000000,1260000000,1380000000,1540000000,1620000000,1820000000,545000000,566000000,636000000,692000000,717000000,834000000,860000000,756000000,915000000,989000000,888000000,731000000,2050000000,2310000000,2270000000,2520000000,2570000000,1740000000,1380000000,832000000,722000000,937000000,983000000,874000000,1070000000,1250000000,955000000,936000000,986000000,1060000000,1250000000,1530000000,1980000000,2250000000,2610000000,3000000000,2230000000,2090000000,2380000000,2100000000,2450000000,2690000000,2580000000,2640000000,3620000000,4610000000
Russia,,,,,,,,,,,,,,,,,,,,,,,,,,,,,,,,,,7770000000,13500000000,12700000000,15800000000,17600000000,7960000000,6470000000,9230000000,11700000000,13900000000,17000000000,21000000000,27300000000,34500000000,43500000000,56200000000,51500000000,58700000000,70200000000,81500000000,88400000000,84700000000,66400000000,69200000000,66500000000,61400000000
Rwanda,,,,,,,,,,,,,,9370000,7790000,9320000,10300000,16100000,14400000,19600000,23600000,28700000,28200000,28000000,25500000,27300000,34900000,36100000,36600000,41600000,95100000,105000000,88600000,89400000,40500000,56400000,73700000,77300000,87100000,80900000,61300000,56900000,51100000,45200000,41200000,45000000,54600000,55600000,67700000,75300000,74500000,75400000,79800000,82500000,90900000,104000000,107000000,116000000,119000000
Saudi Arabia,141000000,71600000,84200000,114000000,124000000,178000000,300000000,336000000,339000000,429000000,472000000,587000000,931000000,1570000000,,,,11600000000,13400000000,17600000000,20700000000,24400000000,27100000000,21900000000,22700000000,17700000000,,14500000000,13400000000,12700000000,16400000000,16400000000,15400000000,16500000000,14300000000,13200000000,13300000000,18100000000,20900000000,18300000000,20000000000,21000000000,18500000000,18700000000,20900000000,25400000000,29600000000,35500000000,38200000000,41300000000,45200000000,48500000000,56500000000,67000000000,80800000000,87200000000,63700000000,70400000000,67600000000
Senegal,,,,,,,,,,,,,,,,,,,,94400000,96500000,86800000,73100000,70600000,65100000,65000000,85500000,99900000,105000000,99600000,118000000,110000000,110000000,120000000,66100000,80900000,79800000,70800000,75100000,78300000,62400000,68900000,74400000,96900000,108000000,124000000,149000000,193000000,217000000,215000000,196000000,230000000,197000000,237000000,240000000,215000000,305000000,305000000,347000000
Serbia,,,,,,,,,,,,,,,,,,,,,,,,,,,,,,,,,,,,,,914000000,642000000,737000000,337000000,494000000,679000000,731000000,739000000,630000000,705000000,972000000,1110000000,974000000,872000000,987000000,854000000,920000000,913000000,724000000,710000000,802000000,904000000
Seychelles,,,,,,,,,,,,,,,,,,,,,,,,,,7250000,9760000,11300000,12100000,13000000,14800000,16600000,20500000,12900000,11900000,11600000,10500000,11400000,10500000,11100000,10300000,11100000,11700000,12200000,15900000,14700000,14400000,15200000,11100000,8650000,7160000,8710000,9920000,13800000,32600000,20600000,26700000,22300000,22800000
Sierra Leone,,1930000,1980000,2160000,2350000,2510000,2540000,2880000,2660000,3300000,3990000,3770000,4230000,5020000,6780000,6530000,6020000,7060000,8120000,10800000,15900000,15800000,14100000,10200000,9920000,6280000,7230000,4590000,9010000,14400000,12400000,23200000,26700000,23300000,26500000,25000000,18600000,9490000,,,23300000,29900000,27100000,28500000,23000000,23600000,28000000,29100000,23600000,26400000,25100000,25500000,29800000,31700000,48800000,39200000,37400000,39600000,29600000
Singapore,,,,,,,,,,,104000000,128000000,150000000,199000000,226000000,269000000,306000000,381000000,419000000,452000000,560000000,681000000,738000000,733000000,919000000,1050000000,1020000000,1050000000,1210000000,1410000000,1800000000,2020000000,2330000000,2480000000,2800000000,3670000000,4100000000,4460000000,4470000000,4490000000,4330000000,4310000000,4530000000,4720000000,5040000000,5460000000,5830000000,6520000000,7450000000,7540000000,8110000000,8920000000,9170000000,9350000000,9600000000,9380000000,9870000000,10200000000,10800000000
Slovak Republic,,,,,,,,,,,,,,,,,,,,,,,,,,,,,,,,,,267000000,300000000,630000000,642000000,500000000,398000000,327000000,342000000,394000000,440000000,625000000,711000000,823000000,911000000,1140000000,1410000000,1350000000,1140000000,1060000000,1020000000,968000000,998000000,986000000,1000000000,1050000000,1280000000
Slovenia,,,,,,,,,,,,,,,,,,,,,,,,,,,,,,,,,281000000,230000000,238000000,335000000,330000000,291000000,301000000,275000000,222000000,271000000,327000000,417000000,493000000,514000000,609000000,693000000,829000000,799000000,772000000,666000000,543000000,507000000,486000000,401000000,449000000,474000000,529000000
Somalia,,3160000,3700000,4480000,5420000,5170000,6500000,7530000,8340000,9000000,11200000,11400000,13200000,16100000,21400000,23100000,26300000,31700000,81400000,87700000,95500000,134000000,83900000,83900000,89200000,44300000,34900000,28500000,49500000,8560000,,,,,,,,,,,,,,,,,,,,,,,,26100000,60300000,46600000,47700000,60400000,61600000
South Africa,70000000,114000000,186000000,189000000,272000000,289000000,324000000,373000000,400000000,426000000,418000000,486000000,492000000,753000000,1100000000,1430000000,1680000000,2070000000,2070000000,2160000000,2660000000,3010000000,2740000000,3050000000,2770000000,2120000000,2500000000,3600000000,4260000000,4180000000,4360000000,3870000000,3680000000,3250000000,3480000000,3290000000,2590000000,2410000000,1910000000,1740000000,1890000000,1800000000,1770000000,2570000000,3100000000,3570000000,3510000000,3530000000,3290000000,3590000000,4190000000,4590000000,4490000000,4120000000,3890000000,3490000000,3170000000,3640000000,3640000000
South Korea,276000000,157000000,186000000,185000000,137000000,132000000,177000000,218000000,279000000,347000000,386000000,461000000,532000000,545000000,853000000,1030000000,1710000000,2240000000,3190000000,3540000000,3980000000,4460000000,4650000000,4710000000,4760000000,4880000000,5330000000,6040000000,7730000000,9470000000,10100000000,11000000000,11600000000,12400000000,13500000000,16100000000,16400000000,14800000000,10500000000,12100000000,13800000000,12900000000,14100000000,15800000000,17800000000,22200000000,25200000000,27700000000,26100000000,24600000000,28200000000,31000000000,32000000000,34300000000,37600000000,36600000000,36900000000,39200000000,43100000000
South Sudan,,,,,,,,,,,,,,,,,,,,,,,,,,,,,,,,,,,,,,,,,,,,,,,551000000,588000000,896000000,610000000,651000000,1050000000,988000000,982000000,1300000000,1150000000,135000000,72400000,59400000
Spain,233000000,239000000,309000000,317000000,387000000,439000000,561000000,546000000,669000000,806000000,859000000,901000000,1260000000,1520000000,1970000000,2110000000,2520000000,2810000000,3470000000,4910000000,5510000000,4980000000,4960000000,4770000000,4850000000,5080000000,6270000000,7920000000,8900000000,9300000000,11700000000,11700000000,12300000000,10000000000,10100000000,11400000000,11300000000,9870000000,10300000000,11100000000,10300000000,10200000000,10300000000,12900000000,15300000000,16000000000,17300000000,20100000000,22200000000,20200000000,19700000000,19700000000,18900000000,17200000000,17200000000,15200000000,14000000000,16000000000,18200000000
Sri Lanka,16700000,17100000,15800000,13900000,13900000,14500000,15300000,15700000,14300000,15900000,21000000,32300000,30300000,25100000,28400000,30500000,23700000,28100000,21900000,28100000,30800000,27700000,26000000,46000000,55800000,189000000,173000000,227000000,165000000,126000000,187000000,277000000,327000000,355000000,437000000,764000000,767000000,699000000,733000000,631000000,822000000,675000000,572000000,542000000,619000000,644000000,791000000,1050000000,1510000000,1520000000,1530000000,1750000000,1470000000,1600000000,1910000000,2060000000,1740000000,1870000000,1680000000
Sudan,18700000,20500000,24800000,28100000,41900000,56400000,50300000,52300000,57700000,87000000,108000000,110000000,108000000,113000000,111000000,119000000,179000000,217000000,176000000,240000000,228000000,204000000,172000000,231000000,355000000,205000000,260000000,310000000,369000000,,1180000000,1370000000,184000000,258000000,226000000,139000000,106000000,97700000,260000000,430000000,587000000,388000000,485000000,398000000,1240000000,1160000000,1650000000,2430000000,3230000000,3180000000,,,,,,2280000000,2750000000,4380000000,1050000000
Swaziland,,,,,,,,,,,,,,,,,,5390000,8260000,10200000,13100000,12400000,11100000,11700000,9120000,6650000,7340000,8350000,8720000,8730000,14200000,16000000,21000000,23700000,25800000,28800000,26500000,25700000,25700000,25900000,24500000,19700000,18300000,31900000,42700000,59500000,58500000,61900000,66700000,75900000,102000000,107000000,90600000,86000000,81400000,73500000,72400000,88700000,87800000
Sweden,527000000,565000000,636000000,698000000,759000000,845000000,907000000,922000000,941000000,1020000000,1120000000,1240000000,1460000000,1700000000,1860000000,2230000000,2350000000,2560000000,2870000000,3370000000,3790000000,3490000000,2980000000,2630000000,2670000000,2800000000,3580000000,4470000000,4920000000,5030000000,6170000000,6220000000,6420000000,5010000000,5150000000,5730000000,6200000000,5200000000,5130000000,5150000000,4790000000,4130000000,4350000000,5310000000,5510000000,5520000000,5580000000,6390000000,6020000000,5060000000,5890000000,6320000000,6240000000,6530000000,6560000000,5390000000,5430000000,5530000000,5760000000
Switzerland,200000000,237000000,274000000,295000000,330000000,343000000,378000000,383000000,374000000,409000000,436000000,511000000,601000000,765000000,888000000,1030000000,1230000000,1230000000,1670000000,1950000000,2000000000,1810000000,1930000000,1950000000,1810000000,1970000000,2570000000,3020000000,3280000000,3080000000,4060000000,4020000000,4140000000,3610000000,3900000000,4650000000,4240000000,3500000000,3490000000,3150000000,2800000000,2760000000,2880000000,3270000000,3500000000,3480000000,3330000000,3520000000,4100000000,4060000000,4120000000,4970000000,4590000000,5030000000,4610000000,4520000000,4570000000,4630000000,4800000000
Syria,90200000,90200000,150000000,,112000000,118000000,102000000,119000000,190000000,195000000,200000000,177000000,260000000,389000000,537000000,888000000,945000000,998000000,1210000000,1580000000,2250000000,2440000000,2730000000,2730000000,3390000000,3510000000,3680000000,3650000000,3720000000,1480000000,1640000000,2890000000,2980000000,1430000000,1640000000,958000000,995000000,1050000000,1100000000,1130000000,897000000,1020000000,1100000000,1440000000,1390000000,1450000000,1440000000,1600000000,1730000000,2180000000,2350000000,2490000000,,,,,,,
Tajikistan,,,,,,,,,,,,,,,,,,,,,,,,,,,,,,,,,1040000,23500000,14200000,5800000,13500000,19100000,22600000,15100000,10400000,12500000,25600000,34800000,45100000,,,,52500000,47500000,53800000,71300000,76300000,,104000000,95800000,,,
Tanzania,,,,,,,,14600000,16200000,20100000,29500000,42600000,53700000,77900000,120000000,138000000,137000000,191000000,422000000,375000000,232000000,331000000,367000000,333000000,293000000,346000000,261000000,162000000,125000000,105000000,87200000,108000000,96900000,58700000,58400000,85500000,101000000,119000000,134000000,128000000,135000000,151000000,141000000,125000000,128000000,139000000,147000000,166000000,194000000,219000000,283000000,307000000,360000000,443000000,507000000,517000000,544000000,611000000,675000000
Thailand,62800000,58700000,80300000,85500000,87200000,94300000,106000000,126000000,155000000,185000000,217000000,263000000,284000000,312000000,364000000,416000000,532000000,689000000,942000000,1200000000,1370000000,1420000000,1510000000,1580000000,1700000000,1630000000,1640000000,1700000000,1810000000,1940000000,2210000000,2600000000,2960000000,3160000000,3610000000,3850000000,3940000000,3260000000,2110000000,2060000000,1880000000,1720000000,1810000000,1890000000,1870000000,1980000000,2440000000,3520000000,4470000000,4800000000,4960000000,5510000000,5490000000,5900000000,5730000000,5720000000,5880000000,6310000000,6830000000
Timor-Leste,,,,,,,,,,,,,,,,,,,,,,,,,,,,,,,,,,,,,,,,,,,,,,8230000,17100000,23700000,23700000,36500000,26400000,20500000,33400000,31700000,29600000,37000000,26200000,25400000,20600000
Togo,,327000,714000,1130000,3380000,3360000,2890000,3110000,3290000,3440000,3650000,4180000,5130000,6870000,8100000,11100000,14200000,21100000,22700000,22500000,24800000,22500000,18500000,16400000,15700000,18900000,30000000,43400000,43100000,41900000,50700000,45900000,49100000,50100000,25400000,30900000,,,,,,,,28800000,31700000,33200000,,,57000000,55100000,56800000,59000000,62900000,72400000,83100000,70000000,82000000,88400000,104000000
Trinidad and Tobago,,,,,,,,,5090000,5260000,6200000,8620000,9120000,8940000,8580000,10700000,12600000,15400000,18300000,27200000,36900000,35200000,,,,,,,,,,,,22600000,24200000,,,,,,,13900000,19500000,33700000,75900000,97800000,116000000,125000000,139000000,139000000,143000000,146000000,169000000,211000000,189000000,202000000,216000000,203000000,169000000
Tunisia,16000000,18600000,14300000,15200000,17500000,12800000,13700000,15400000,17500000,17000000,22500000,24900000,31700000,38200000,46500000,75300000,84000000,122000000,148000000,161000000,194000000,229000000,329000000,383000000,249000000,216000000,207000000,194000000,233000000,234000000,248000000,260000000,290000000,276000000,297000000,343000000,397000000,358000000,366000000,357000000,332000000,336000000,345000000,407000000,445000000,468000000,497000000,491000000,579000000,565000000,571000000,715000000,681000000,759000000,908000000,979000000,988000000,859000000,844000000
Turkey,469000000,301000000,330000000,350000000,381000000,423000000,442000000,508000000,571000000,597000000,565000000,571000000,704000000,862000000,1140000000,2280000000,2530000000,2770000000,2730000000,3000000000,2670000000,2810000000,2750000000,2470000000,2190000000,2370000000,2770000000,2890000000,2660000000,3370000000,5320000000,5670000000,6160000000,7080000000,5290000000,6610000000,7510000000,7790000000,8780000000,9950000000,9990000000,7220000000,9050000000,10300000000,10900000000,12100000000,13400000000,15300000000,17100000000,16400000000,17900000000,17300000000,18000000000,18700000000,17800000000,15900000000,17900000000,17800000000,19000000000
Turkmenistan,,,,,,,,,,,,,,,,,,,,,,,,,,,,,,,,,,,79600000,136000000,48500000,106000000,87500000,112000000,,,,,,,,,,,,,,,,,,,
Uganda,,,728000,2730000,5490000,10700000,14300000,16800000,19900000,22900000,26600000,52700000,64900000,64900000,80200000,86600000,101000000,132000000,152000000,207000000,399000000,108000000,87500000,93700000,75200000,105000000,131000000,131000000,141000000,140000000,107000000,73600000,52300000,62600000,104000000,127000000,135000000,140000000,155000000,160000000,141000000,136000000,142000000,152000000,196000000,217000000,219000000,252000000,312000000,294000000,609000000,607000000,352000000,300000000,326000000,306000000,319000000,347000000,408000000
Ukraine,,,,,,,,,,,,,,,,,,,,,,,,,,,,,,,,,,152000000,919000000,1050000000,1460000000,2070000000,1410000000,942000000,1140000000,1090000000,1180000000,1430000000,1690000000,2410000000,2990000000,4100000000,4810000000,3450000000,3730000000,3680000000,4140000000,4390000000,4030000000,3620000000,3420000000,3650000000,4750000000
United Arab Emirates,,,,,,,,,,,,,,,,,,,,,,,,,,,,,,,,,,,,,,3340000000,4010000000,4230000000,5880000000,5800000000,5350000000,5830000000,6820000000,6600000000,7170000000,8460000000,11600000000,13800000000,17500000000,19200000000,19000000000,23600000000,22800000000,,,,
United Kingdom,4590000000,4750000000,5010000000,5200000000,5510000000,5790000000,5980000000,6200000000,5560000000,5540000000,6070000000,6720000000,7860000000,8450000000,9350000000,11500000000,10800000000,11600000000,14200000000,18400000000,25400000000,24100000000,24800000000,23600000000,22700000000,23300000000,27200000000,31200000000,34300000000,33500000000,38900000000,42100000000,40800000000,34100000000,34500000000,34200000000,34500000000,35700000000,36900000000,36500000000,35300000000,35300000000,39700000000,46900000000,54000000000,55200000000,57500000000,66000000000,65600000000,57900000000,58100000000,60300000000,58500000000,56900000000,59200000000,53900000000,48100000000,46400000000,50000000000
United States,45400000000,47800000000,52400000000,52300000000,51200000000,51800000000,63600000000,75400000000,80700000000,81400000000,79800000000,74900000000,77600000000,78400000000,85900000000,88400000000,91000000000,1.01E+11,1.09E+11,1.22E+11,1.38E+11,1.7E+11,2.14E+11,2.14E+11,2.31E+11,2.58E+11,2.81E+11,2.88E+11,2.93E+11,3.04E+11,3.06E+11,2.8E+11,3.05E+11,2.98E+11,2.88E+11,2.79E+11,2.71E+11,2.76E+11,2.74E+11,2.81E+11,3.02E+11,3.13E+11,3.57E+11,4.15E+11,4.65E+11,5.03E+11,5.28E+11,5.57E+11,6.21E+11,6.69E+11,6.98E+11,7.11E+11,6.85E+11,6.4E+11,6.1E+11,5.96E+11,6E+11,6.06E+11,6.49E+11
Uruguay,,,,,,,,,,,,,51400000,112000000,188000000,157000000,133000000,161000000,186000000,279000000,477000000,710000000,599000000,275000000,222000000,204000000,242000000,224000000,260000000,298000000,328000000,269000000,367000000,419000000,450000000,524000000,576000000,575000000,573000000,574000000,556000000,523000000,344000000,270000000,279000000,347000000,393000000,416000000,568000000,577000000,756000000,825000000,925000000,1050000000,1030000000,970000000,988000000,1170000000,1170000000
Uzbekistan,,,,,,,,,,,,,,,,,,,,,,,,,,,,,,,,,,,86900000,113000000,172000000,218000000,,250000000,115000000,59800000,45900000,54100000,,,,,,,,,,,,,,,
Venezuela,234000000,115000000,204000000,245000000,200000000,227000000,239000000,270000000,273000000,264000000,273000000,352000000,405000000,421000000,602000000,712000000,593000000,749000000,828000000,926000000,1000000000,1010000000,1520000000,2010000000,1330000000,820000000,1000000000,766000000,1100000000,1200000000,738000000,984000000,993000000,1290000000,940000000,1200000000,733000000,1540000000,1450000000,1410000000,1790000000,1910000000,1070000000,988000000,1450000000,2670000000,3630000000,4350000000,5660000000,4060000000,3990000000,3580000000,5110000000,6200000000,1550000000,321000000,218000000,465000000,
Vietnam,,,,,,,,,,,,,,,,,,,,,,,,,,,,1320000000,1310000000,459000000,512000000,428000000,333000000,298000000,431000000,,,,,,,,,842000000,915000000,1030000000,1290000000,1780000000,2140000000,2400000000,2670000000,2690000000,3360000000,3730000000,4260000000,4560000000,5020000000,5070000000,5500000000
Yemen,,,,,,,,,,,,,,,,,,,,,,,,,,,,,,,807000000,1030000000,1310000000,1540000000,2350000000,806000000,416000000,397000000,385000000,395000000,474000000,540000000,737000000,807000000,735000000,816000000,822000000,1050000000,1200000000,1420000000,1450000000,1610000000,1620000000,1650000000,1710000000,,,,
Zambia,,,,,,,,,,,,,,,,,,,,,,,,,81600000,53200000,61600000,66900000,86700000,168000000,139000000,86200000,97800000,51100000,62900000,55300000,37800000,43400000,,56100000,,,,,98300000,140000000,206000000,232000000,278000000,221000000,280000000,309000000,346000000,381000000,444000000,372000000,300000000,340000000,378000000
Zimbabwe,,,,,,15600000,17000000,19000000,30600000,42400000,46000000,49900000,58500000,86900000,119000000,149000000,200000000,285000000,348000000,441000000,443000000,390000000,437000000,432000000,361000000,309000000,342000000,393000000,407000000,409000000,416000000,376000000,296000000,250000000,248000000,263000000,292000000,311000000,306000000,263000000,346000000,287000000,677000000,195000000,256000000,131000000,162000000,,,,98300000,198000000,318000000,357000000,368000000,377000000,358000000,341000000,420000000
